INSERT INTO habitaciones (numero, tipo, costo_noche) VALUES (101, 'IE', 50800);
INSERT INTO habitaciones (numero, tipo, costo_noche) VALUES (102, 'IE', 50800);
INSERT INTO habitaciones (numero, tipo, costo_noche) VALUES (103, 'IE', 50800);
INSERT INTO habitaciones (numero, tipo, costo_noche) VALUES (104, 'IE', 50800);
INSERT INTO habitaciones (numero, tipo, costo_noche) VALUES (105, 'IE', 50800);
INSERT INTO habitaciones (numero, tipo, costo_noche) VALUES (106, 'IE', 50800);
INSERT INTO habitaciones (numero, tipo, costo_noche) VALUES (107, 'IE', 50800);
INSERT INTO habitaciones (numero, tipo, costo_noche) VALUES (108, 'IE', 50800);
INSERT INTO habitaciones (numero, tipo, costo_noche) VALUES (109, 'IE', 50800);
INSERT INTO habitaciones (numero, tipo, costo_noche) VALUES (110, 'IE', 50800);
INSERT INTO habitaciones (numero, tipo, costo_noche) VALUES (201, 'DE', 70230);
INSERT INTO habitaciones (numero, tipo, costo_noche) VALUES (202, 'DE', 70230);
INSERT INTO habitaciones (numero, tipo, costo_noche) VALUES (203, 'DE', 70230);
INSERT INTO habitaciones (numero, tipo, costo_noche) VALUES (204, 'DE', 70230);
INSERT INTO habitaciones (numero, tipo, costo_noche) VALUES (205, 'DE', 70230);
INSERT INTO habitaciones (numero, tipo, costo_noche) VALUES (206, 'DE', 70230);
INSERT INTO habitaciones (numero, tipo, costo_noche) VALUES (207, 'DE', 70230);
INSERT INTO habitaciones (numero, tipo, costo_noche) VALUES (208, 'DE', 70230);
INSERT INTO habitaciones (numero, tipo, costo_noche) VALUES (209, 'DE', 70230);
INSERT INTO habitaciones (numero, tipo, costo_noche) VALUES (210, 'DE', 70230);
INSERT INTO habitaciones (numero, tipo, costo_noche) VALUES (211, 'DE', 70230);
INSERT INTO habitaciones (numero, tipo, costo_noche) VALUES (212, 'DE', 70230);
INSERT INTO habitaciones (numero, tipo, costo_noche) VALUES (213, 'DE', 70230);
INSERT INTO habitaciones (numero, tipo, costo_noche) VALUES (214, 'DE', 70230);
INSERT INTO habitaciones (numero, tipo, costo_noche) VALUES (215, 'DE', 70230);
INSERT INTO habitaciones (numero, tipo, costo_noche) VALUES (216, 'DE', 70230);
INSERT INTO habitaciones (numero, tipo, costo_noche) VALUES (217, 'DE', 70230);
INSERT INTO habitaciones (numero, tipo, costo_noche) VALUES (218, 'DE', 70230);
INSERT INTO habitaciones (numero, tipo, costo_noche) VALUES (301, 'DS', 90560);
INSERT INTO habitaciones (numero, tipo, costo_noche) VALUES (302, 'DS', 90560);
INSERT INTO habitaciones (numero, tipo, costo_noche) VALUES (303, 'DS', 90560);
INSERT INTO habitaciones (numero, tipo, costo_noche) VALUES (304, 'DS', 90560);
INSERT INTO habitaciones (numero, tipo, costo_noche) VALUES (305, 'DS', 90560);
INSERT INTO habitaciones (numero, tipo, costo_noche) VALUES (306, 'DS', 90560);
INSERT INTO habitaciones (numero, tipo, costo_noche) VALUES (307, 'DS', 90578);
INSERT INTO habitaciones (numero, tipo, costo_noche) VALUES (308, 'DS', 90560);
INSERT INTO habitaciones (numero, tipo, costo_noche) VALUES (401, 'SFP', 110500);
INSERT INTO habitaciones (numero, tipo, costo_noche) VALUES (402, 'SFP', 110500);
INSERT INTO habitaciones (numero, tipo, costo_noche) VALUES (403, 'SFP', 110500);
INSERT INTO habitaciones (numero, tipo, costo_noche) VALUES (404, 'SFP', 110500);
INSERT INTO habitaciones (numero, tipo, costo_noche) VALUES (405, 'SFP', 110500);
INSERT INTO habitaciones (numero, tipo, costo_noche) VALUES (406, 'SFP', 110500);
INSERT INTO habitaciones (numero, tipo, costo_noche) VALUES (407, 'SFP', 110500);
INSERT INTO habitaciones (numero, tipo, costo_noche) VALUES (408, 'SFP', 110500);
INSERT INTO habitaciones (numero, tipo, costo_noche) VALUES (409, 'SFP', 110500);
INSERT INTO habitaciones (numero, tipo, costo_noche) VALUES (410, 'SFP', 110500);
INSERT INTO habitaciones (numero, tipo, costo_noche) VALUES (501, 'SD', 128600);
INSERT INTO habitaciones (numero, tipo, costo_noche) VALUES (502, 'SD', 128600);

INSERT INTO huespedes (tipo_documento, nro_documento, nombre, apellido, fecha_de_nacimiento, nacionalidad, email, telefono, ocupacion, alojado, direccion, borrado_logico) VALUES ('DNI', '30405060', 'Juan', 'Perez', '1990-05-15', 'Argentina', 'juan.perez@mail.com', '1155667788', 'Empleado', false, 'Av. Corrientes 1234, CABA', false);
INSERT INTO huespedes (tipo_documento, nro_documento, nombre, apellido, fecha_de_nacimiento, nacionalidad, email, telefono, ocupacion, alojado, direccion, borrado_logico) VALUES ('DNI', '12345678', 'Maria', 'Gomez', '1985-10-20', 'Argentina', 'maria.gomez@mail.com', '3414445555', 'Arquitecta', true, 'Pellegrini 500, Rosario', false);
INSERT INTO huespedes (tipo_documento, nro_documento, nombre, apellido, fecha_de_nacimiento, nacionalidad, email, telefono, ocupacion, alojado, direccion, borrado_logico) VALUES ('DNI', '22333444', 'Carlos', 'Ruiz', '1978-03-12', 'Argentina', 'carlos.ruiz@empresa.com', '3514448888', 'Ingeniero Civil', false, 'Av. Colón 550, Córdoba', false);
INSERT INTO huespedes (tipo_documento, nro_documento, nombre, apellido, fecha_de_nacimiento, nacionalidad, email, telefono, ocupacion, alojado, direccion, borrado_logico) VALUES ('DNI', '33444555', 'Ana', 'Valenzuela', '1992-07-09', 'Argentina', 'ana.valen@gmail.com', '2615556666', 'Enóloga', true, 'San Martín 1200, Mendoza', false);
INSERT INTO huespedes (tipo_documento, nro_documento, nombre, apellido, fecha_de_nacimiento, nacionalidad, email, telefono, ocupacion, alojado, direccion, borrado_logico) VALUES ('PASAPORTE', 'UY123456', 'Washington', 'Tabarez', '1965-11-22', 'Uruguaya', 'wtabarez@mail.uy', '+59899123456', 'Jubilado', false, 'Rambla República 45, Montevideo', false);
INSERT INTO huespedes (tipo_documento, nro_documento, nombre, apellido, fecha_de_nacimiento, nacionalidad, email, telefono, ocupacion, alojado, direccion, borrado_logico) VALUES ('DNI', '40500600', 'Lucia', 'Fernandez', '1998-01-30', 'Argentina', 'lu.fer@outlook.com', '3814449999', 'Diseñadora Gráfica', false, '25 de Mayo 230, Tucumán', false);
INSERT INTO huespedes (tipo_documento, nro_documento, nombre, apellido, fecha_de_nacimiento, nacionalidad, email, telefono, ocupacion, alojado, direccion, borrado_logico) VALUES ('DNI', '11222333', 'Familia', 'Gutierrez', '1980-05-05', 'Argentina', 'fam.gutierrez@yahoo.com', '2235557777', 'Comerciante', false, 'Av. Peralta Ramos 2200, Mar del Plata', false);
INSERT INTO huespedes (tipo_documento, nro_documento, nombre, apellido, fecha_de_nacimiento, nacionalidad, email, telefono, ocupacion, alojado, direccion, borrado_logico) VALUES ('PASAPORTE', 'CL987654', 'Miguel', 'Soto', '1985-09-18', 'Chilena', 'msoto@chile.cl', '+56911223344', 'Abogado', false, 'Av. Providencia 123, Santiago', false);
INSERT INTO huespedes (tipo_documento, nro_documento, nombre, apellido, fecha_de_nacimiento, nacionalidad, email, telefono, ocupacion, alojado, direccion, borrado_logico) VALUES ('DNI', '30111222', 'Patricia', 'Lynch', '1988-12-12', 'Argentina', 'pato.lynch@gmail.com', '2994441111', 'Geóloga', true, 'Av. Argentina 400, Neuquén', false);
INSERT INTO huespedes (tipo_documento, nro_documento, nombre, apellido, fecha_de_nacimiento, nacionalidad, email, telefono, ocupacion, alojado, direccion, borrado_logico) VALUES ('PASAPORTE', 'BR555444', 'Joao', 'Silva', '1990-02-15', 'Brasileña', 'joao.silva@uol.com.br', '+551199998888', 'Desarrollador', false, 'Av. Paulista 1000, Sao Paulo', false);
INSERT INTO huespedes (tipo_documento, nro_documento, nombre, apellido, fecha_de_nacimiento, nacionalidad, email, telefono, ocupacion, alojado, direccion, borrado_logico) VALUES ('DNI', '25666777', 'Roberto', 'Carlos', '1976-06-25', 'Argentina', 'roberto.c@music.com', '3874442222', 'Músico', false, 'Balcarce 50, Salta', false);
INSERT INTO huespedes (tipo_documento, nro_documento, nombre, apellido, fecha_de_nacimiento, nacionalidad, email, telefono, ocupacion, alojado, direccion, borrado_logico) VALUES ('DNI', '99888777', 'Julieta', 'Venegas', '2001-08-01', 'Argentina', 'juli.v@student.edu', '2214443333', 'Estudiante', false, 'Calle 50 600, La Plata', false);
INSERT INTO huespedes (tipo_documento, nro_documento, nombre, apellido, fecha_de_nacimiento, nacionalidad, email, telefono, ocupacion, alojado, direccion, borrado_logico) VALUES ('PASAPORTE', 'US999000', 'John', 'Doe', '1982-07-04', 'Estadounidense', 'jdoe@usa.com', '+13055550000', 'Turista', false, 'Ocean Drive 500, Miami', false);
INSERT INTO huespedes (tipo_documento, nro_documento, nombre, apellido, fecha_de_nacimiento, nacionalidad, email, telefono, ocupacion, alojado, direccion, borrado_logico) VALUES ('DNI', '31000200', 'Esteban', 'Quito', '1995-04-10', 'Argentina', 'equito@sur.com', '2944555000', 'Guía de Turismo', false, 'Mitre 800, Bariloche', false);
INSERT INTO huespedes (tipo_documento, nro_documento, nombre, apellido, fecha_de_nacimiento, nacionalidad, email, telefono, ocupacion, alojado, direccion, borrado_logico) VALUES ('DNI', '15000100', 'Willump', 'Nunu', '1960-09-20', 'Argentina', 'wewinthose@cine.com', '1144445555', 'Actor', false, 'Av. Santa Fe 3200, CABA', false);
INSERT INTO huespedes (tipo_documento, nro_documento, nombre, apellido, fecha_de_nacimiento, nacionalidad, email, telefono, ocupacion, alojado, direccion, borrado_logico) VALUES ('DNI', '18999000', 'Diego', 'Maradona', '1960-10-30', 'Argentina', 'diego10@cielo.com', '1199999999', 'Futbolista', false, 'Segurola y Habana 4310', false);
INSERT INTO huespedes (tipo_documento, nro_documento, nombre, apellido, fecha_de_nacimiento, nacionalidad, email, telefono, ocupacion, alojado, direccion, borrado_logico) VALUES ('DNI', '22222222', 'Mirtha', 'Legrand', '1927-02-23', 'Argentina', 'mirtha@tv.com', '1188888888', 'Conductora', true, 'Av. Libertador 2000', false);
INSERT INTO huespedes (tipo_documento, nro_documento, nombre, apellido, fecha_de_nacimiento, nacionalidad, email, telefono, ocupacion, alojado, direccion, borrado_logico) VALUES ('DNI', '33333333', 'Lionel', 'Messi', '1987-06-24', 'Argentina', 'lio@miami.com', '1177777777', 'Futbolista', true, 'Rosario Norte 10', false);
INSERT INTO huespedes (tipo_documento, nro_documento, nombre, apellido, fecha_de_nacimiento, nacionalidad, email, telefono, ocupacion, alojado, direccion, borrado_logico) VALUES ('PASAPORTE', 'ES123456', 'Penelope', 'Cruz', '1974-04-28', 'Española', 'penelope@hollywood.com', '+34911223344', 'Actriz', false, 'Madrid Centro', false);
INSERT INTO huespedes (tipo_documento, nro_documento, nombre, apellido, fecha_de_nacimiento, nacionalidad, email, telefono, ocupacion, alojado, direccion, borrado_logico) VALUES ('DNI', '44444444', 'Ricardo', 'Darin', '1957-01-16', 'Argentina', 'ricardo@cine.ar', '1166666666', 'Actor', false, 'Palermo Soho', false);
INSERT INTO huespedes (tipo_documento, nro_documento, nombre, apellido, fecha_de_nacimiento, nacionalidad, email, telefono, ocupacion, alojado, direccion, borrado_logico) VALUES ('PASAPORTE', 'FR789012', 'Zinedine', 'Zidane', '1972-06-23', 'Francesa', 'zizou@real.com', '+33123456789', 'Entrenador', true, 'Paris St Germain', false);
INSERT INTO huespedes (tipo_documento, nro_documento, nombre, apellido, fecha_de_nacimiento, nacionalidad, email, telefono, ocupacion, alojado, direccion, borrado_logico) VALUES ('DNI', '55555555', 'Gabriela', 'Sabatini', '1970-05-16', 'Argentina', 'gaby@tenis.com', '1155555555', 'Tenista', false, 'Barrio Norte', false);
INSERT INTO huespedes (tipo_documento, nro_documento, nombre, apellido, fecha_de_nacimiento, nacionalidad, email, telefono, ocupacion, alojado, direccion, borrado_logico) VALUES ('PASAPORTE', 'IT456789', 'Luciano', 'Pavarotti', '1935-10-12', 'Italiana', 'luciano@opera.com', '+39012345678', 'Cantante', false, 'Modena', false);
INSERT INTO huespedes (tipo_documento, nro_documento, nombre, apellido, fecha_de_nacimiento, nacionalidad, email, telefono, ocupacion, alojado, direccion, borrado_logico) VALUES ('DNI', '66666666', 'Jorge', 'Borges', '1899-08-24', 'Argentina', 'jorge@libros.com', '1144444444', 'Escritor', false, 'Calle Maipu 900', false);
INSERT INTO huespedes (tipo_documento, nro_documento, nombre, apellido, fecha_de_nacimiento, nacionalidad, email, telefono, ocupacion, alojado, direccion, borrado_logico) VALUES ('PASAPORTE', 'MX112233', 'Frida', 'Kahlo', '1907-07-06', 'Mexicana', 'frida@arte.mx', '+525512345678', 'Pintora', true, 'Coyoacan', false);

INSERT INTO responsable_pago (cuit) VALUES ('20-30405060-7');
INSERT INTO responsable_pago (cuit) VALUES ('27-12345678-9');
INSERT INTO responsable_pago (cuit) VALUES ('20-22333444-5');
INSERT INTO responsable_pago (cuit) VALUES ('27-33444555-6');
INSERT INTO responsable_pago (cuit) VALUES ('27-40500600-7');
INSERT INTO responsable_pago (cuit) VALUES ('20-11222333-4');
INSERT INTO responsable_pago (cuit) VALUES ('27-30111222-3');
INSERT INTO responsable_pago (cuit) VALUES ('20-18999000-1');
INSERT INTO responsable_pago (cuit) VALUES ('27-22222222-2');
INSERT INTO responsable_pago (cuit) VALUES ('20-33333333-3');
INSERT INTO responsable_pago (cuit) VALUES ('20-44444444-4');
INSERT INTO responsable_pago (cuit) VALUES ('27-55555555-5');
INSERT INTO responsable_pago (cuit) VALUES ('20-66666666-6');

INSERT INTO personas_fisicas (cuit, posicioniva, ref_huesped_nro_documento, ref_huesped_tipo_documento) VALUES ('20-30405060-7', 'CF', '30405060', 'DNI');
INSERT INTO personas_fisicas (cuit, posicioniva, ref_huesped_nro_documento, ref_huesped_tipo_documento) VALUES ('27-12345678-9', 'RI', '12345678', 'DNI');
INSERT INTO personas_fisicas (cuit, posicioniva, ref_huesped_nro_documento, ref_huesped_tipo_documento) VALUES ('20-22333444-5', 'RI', '22333444', 'DNI');
INSERT INTO personas_fisicas (cuit, posicioniva, ref_huesped_nro_documento, ref_huesped_tipo_documento) VALUES ('27-33444555-6', 'CF', '33444555', 'DNI');
INSERT INTO personas_fisicas (cuit, posicioniva, ref_huesped_nro_documento, ref_huesped_tipo_documento) VALUES ('27-40500600-7', 'MT', '40500600', 'DNI');
INSERT INTO personas_fisicas (cuit, posicioniva, ref_huesped_nro_documento, ref_huesped_tipo_documento) VALUES ('20-11222333-4', 'CF', '11222333', 'DNI');
INSERT INTO personas_fisicas (cuit, posicioniva, ref_huesped_nro_documento, ref_huesped_tipo_documento) VALUES ('27-30111222-3', 'CF', '30111222', 'DNI');
INSERT INTO personas_fisicas (cuit, posicioniva, ref_huesped_nro_documento, ref_huesped_tipo_documento) VALUES ('20-18999000-1', 'RI', '18999000', 'DNI');
INSERT INTO personas_fisicas (cuit, posicioniva, ref_huesped_nro_documento, ref_huesped_tipo_documento) VALUES ('27-22222222-2', 'CF', '22222222', 'DNI');
INSERT INTO personas_fisicas (cuit, posicioniva, ref_huesped_nro_documento, ref_huesped_tipo_documento) VALUES ('20-33333333-3', 'RI', '33333333', 'DNI');
INSERT INTO personas_fisicas (cuit, posicioniva, ref_huesped_nro_documento, ref_huesped_tipo_documento) VALUES ('20-44444444-4', 'MT', '44444444', 'DNI');
INSERT INTO personas_fisicas (cuit, posicioniva, ref_huesped_nro_documento, ref_huesped_tipo_documento) VALUES ('27-55555555-5', 'CF', '55555555', 'DNI');
INSERT INTO personas_fisicas (cuit, posicioniva, ref_huesped_nro_documento, ref_huesped_tipo_documento) VALUES ('20-66666666-6', 'CF', '66666666', 'DNI');

INSERT INTO reservas (id, nombre, apellido, telefono, fecha_ingreso, hora_ingreso, fecha_egreso, hora_egreso) VALUES (1, 'Juan', 'Perez', '1155667788', '2025-12-20', '14:00', '2025-12-25', '10:00');
INSERT INTO reservas (id, nombre, apellido, telefono, fecha_ingreso, hora_ingreso, fecha_egreso, hora_egreso) VALUES (2, 'Familia', 'Gutierrez', '2235557777', '2026-01-15', '14:00', '2026-01-25', '10:00');
INSERT INTO reservas (id, nombre, apellido, telefono, fecha_ingreso, hora_ingreso, fecha_egreso, hora_egreso) VALUES (3, 'Julieta', 'Venegas', '2214443333', '2025-12-16', '14:00', '2025-12-30', '10:00');
INSERT INTO reservas (id, nombre, apellido, telefono, fecha_ingreso, hora_ingreso, fecha_egreso, hora_egreso) VALUES (4, 'Joao', 'Silva', '+551199998888', '2025-12-10', '14:00', '2025-12-14', '10:00');
INSERT INTO reservas (id, nombre, apellido, telefono, fecha_ingreso, hora_ingreso, fecha_egreso, hora_egreso) VALUES (5, 'Miguel', 'Soto', '+56911223344', '2025-11-20', '14:00', '2025-11-25', '10:00');
INSERT INTO reservas (id, nombre, apellido, telefono, fecha_ingreso, hora_ingreso, fecha_egreso, hora_egreso) VALUES (6, 'John', 'Doe', '+13055550000', '2025-12-17', '14:00', '2025-12-21', '10:00');
INSERT INTO reservas (id, nombre, apellido, telefono, fecha_ingreso, hora_ingreso, fecha_egreso, hora_egreso) VALUES (7, 'Diego', 'Maradona', '1199999999', '2025-10-01', '14:00', '2025-10-10', '10:00');
INSERT INTO reservas (id, nombre, apellido, telefono, fecha_ingreso, hora_ingreso, fecha_egreso, hora_egreso) VALUES (8, 'Mirtha', 'Legrand', '1188888888', '2025-12-24', '14:00', '2026-01-01', '10:00');
INSERT INTO reservas (id, nombre, apellido, telefono, fecha_ingreso, hora_ingreso, fecha_egreso, hora_egreso) VALUES (9, 'Lionel', 'Messi', '1177777777', '2025-12-20', '14:00', '2025-12-30', '10:00');
INSERT INTO reservas (id, nombre, apellido, telefono, fecha_ingreso, hora_ingreso, fecha_egreso, hora_egreso) VALUES (10, 'Penelope', 'Cruz', '+34911223344', '2025-11-01', '14:00', '2025-11-05', '10:00');
INSERT INTO reservas (id, nombre, apellido, telefono, fecha_ingreso, hora_ingreso, fecha_egreso, hora_egreso) VALUES (11, 'Ricardo', 'Darin', '1166666666', '2025-09-15', '14:00', '2025-09-20', '10:00');
INSERT INTO reservas (id, nombre, apellido, telefono, fecha_ingreso, hora_ingreso, fecha_egreso, hora_egreso) VALUES (12, 'Zinedine', 'Zidane', '+33123456789', '2025-12-28', '14:00', '2026-01-05', '10:00');
INSERT INTO reservas (id, nombre, apellido, telefono, fecha_ingreso, hora_ingreso, fecha_egreso, hora_egreso) VALUES (13, 'Gabriela', 'Sabatini', '1155555555', '2025-10-20', '14:00', '2025-10-25', '10:00');
INSERT INTO reservas (id, nombre, apellido, telefono, fecha_ingreso, hora_ingreso, fecha_egreso, hora_egreso) VALUES (14, 'Luciano', 'Pavarotti', '+39012345678', '2025-08-01', '14:00', '2025-08-10', '10:00');
INSERT INTO reservas (id, nombre, apellido, telefono, fecha_ingreso, hora_ingreso, fecha_egreso, hora_egreso) VALUES (15, 'Jorge', 'Borges', '1144444444', '2025-07-10', '14:00', '2025-07-15', '10:00');
INSERT INTO reservas (id, nombre, apellido, telefono, fecha_ingreso, hora_ingreso, fecha_egreso, hora_egreso) VALUES (16, 'Frida', 'Kahlo', '+525512345678', '2025-12-22', '14:00', '2025-12-27', '10:00');
INSERT INTO reservas (id, nombre, apellido, telefono, fecha_ingreso, hora_ingreso, fecha_egreso, hora_egreso) VALUES (17, 'Maria', 'Gomez', '3414445555', '2025-11-15', '14:00', '2025-11-20', '10:00');
INSERT INTO reservas (id, nombre, apellido, telefono, fecha_ingreso, hora_ingreso, fecha_egreso, hora_egreso) VALUES (18, 'Carlos', 'Ruiz', '3514448888', '2025-10-05', '14:00', '2025-10-12', '10:00');
INSERT INTO reservas (id, nombre, apellido, telefono, fecha_ingreso, hora_ingreso, fecha_egreso, hora_egreso) VALUES (19, 'Ana', 'Valenzuela', '2615556666', '2025-09-01', '14:00', '2025-09-05', '10:00');
INSERT INTO reservas (id, nombre, apellido, telefono, fecha_ingreso, hora_ingreso, fecha_egreso, hora_egreso) VALUES (20, 'Washington', 'Tabarez', '+59899123456', '2025-08-15', '14:00', '2025-08-20', '10:00');

INSERT INTO habitaciones_reservadas (reserva_id, habitacion_numero, habitacion_tipo) VALUES (1, 304, 'DS');
INSERT INTO habitaciones_reservadas (reserva_id, habitacion_numero, habitacion_tipo) VALUES (2, 401, 'SFP');
INSERT INTO habitaciones_reservadas (reserva_id, habitacion_numero, habitacion_tipo) VALUES (3, 201, 'DE');
INSERT INTO habitaciones_reservadas (reserva_id, habitacion_numero, habitacion_tipo) VALUES (3, 202, 'DE');
INSERT INTO habitaciones_reservadas (reserva_id, habitacion_numero, habitacion_tipo) VALUES (4, 105, 'IE');
INSERT INTO habitaciones_reservadas (reserva_id, habitacion_numero, habitacion_tipo) VALUES (5, 210, 'DE');
INSERT INTO habitaciones_reservadas (reserva_id, habitacion_numero, habitacion_tipo) VALUES (6, 501, 'SD');
INSERT INTO habitaciones_reservadas (reserva_id, habitacion_numero, habitacion_tipo) VALUES (7, 502, 'SD');
INSERT INTO habitaciones_reservadas (reserva_id, habitacion_numero, habitacion_tipo) VALUES (8, 402, 'SFP');
INSERT INTO habitaciones_reservadas (reserva_id, habitacion_numero, habitacion_tipo) VALUES (9, 501, 'SD');
INSERT INTO habitaciones_reservadas (reserva_id, habitacion_numero, habitacion_tipo) VALUES (10, 301, 'DS');
INSERT INTO habitaciones_reservadas (reserva_id, habitacion_numero, habitacion_tipo) VALUES (11, 203, 'DE');
INSERT INTO habitaciones_reservadas (reserva_id, habitacion_numero, habitacion_tipo) VALUES (12, 403, 'SFP');
INSERT INTO habitaciones_reservadas (reserva_id, habitacion_numero, habitacion_tipo) VALUES (13, 302, 'DS');
INSERT INTO habitaciones_reservadas (reserva_id, habitacion_numero, habitacion_tipo) VALUES (14, 502, 'SD');
INSERT INTO habitaciones_reservadas (reserva_id, habitacion_numero, habitacion_tipo) VALUES (15, 106, 'IE');
INSERT INTO habitaciones_reservadas (reserva_id, habitacion_numero, habitacion_tipo) VALUES (16, 303, 'DS');
INSERT INTO habitaciones_reservadas (reserva_id, habitacion_numero, habitacion_tipo) VALUES (17, 204, 'DE');
INSERT INTO habitaciones_reservadas (reserva_id, habitacion_numero, habitacion_tipo) VALUES (18, 105, 'IE');
INSERT INTO habitaciones_reservadas (reserva_id, habitacion_numero, habitacion_tipo) VALUES (19, 215, 'DE');
INSERT INTO habitaciones_reservadas (reserva_id, habitacion_numero, habitacion_tipo) VALUES (20, 107, 'IE');

INSERT INTO estadias (id, habitacion_numero, habitacion_tipo, reserva_id, facturada_estadia, fecha_inicio, fecha_fin, precio) VALUES (1, 204, 'DE', NULL, true, '2025-12-14', '2025-12-21', 400000);
INSERT INTO estadias (id, habitacion_numero, habitacion_tipo, reserva_id, facturada_estadia, fecha_inicio, fecha_fin, precio) VALUES (2, 105, 'IE', NULL, true, '2025-12-01', '2025-12-05', 250000);
INSERT INTO estadias (id, habitacion_numero, habitacion_tipo, reserva_id, facturada_estadia, fecha_inicio, fecha_fin, precio) VALUES (3, 105, 'IE', 4, true, '2025-12-10', '2025-12-14', 150000);
INSERT INTO estadias (id, habitacion_numero, habitacion_tipo, reserva_id, facturada_estadia, fecha_inicio, fecha_fin, precio) VALUES (4, 215, 'DE', NULL, true, '2025-12-15', '2025-12-18', 300000);
INSERT INTO estadias (id, habitacion_numero, habitacion_tipo, reserva_id, facturada_estadia, fecha_inicio, fecha_fin, precio) VALUES (5, 502, 'SD', 7, true, '2025-12-01', '2025-12-10', 1200000);
INSERT INTO estadias (id, habitacion_numero, habitacion_tipo, reserva_id, facturada_estadia, fecha_inicio, fecha_fin, precio) VALUES (6, 402, 'SFP', 8, false, '2025-12-24', '2025-12-31', 880000);
INSERT INTO estadias (id, habitacion_numero, habitacion_tipo, reserva_id, facturada_estadia, fecha_inicio, fecha_fin, precio) VALUES (7, 501, 'SD', 9, false, '2025-12-20', '2025-12-30', 1280000);
INSERT INTO estadias (id, habitacion_numero, habitacion_tipo, reserva_id, facturada_estadia, fecha_inicio, fecha_fin, precio) VALUES (8, 301, 'DS', 10, true, '2025-12-01', '2025-12-05', 360000);
INSERT INTO estadias (id, habitacion_numero, habitacion_tipo, reserva_id, facturada_estadia, fecha_inicio, fecha_fin, precio) VALUES (9, 203, 'DE', 11, true, '2025-12-15', '2025-12-20', 280000);
INSERT INTO estadias (id, habitacion_numero, habitacion_tipo, reserva_id, facturada_estadia, fecha_inicio, fecha_fin, precio) VALUES (10, 403, 'SFP', 12, false, '2025-12-25', '2025-12-30', 880000);
INSERT INTO estadias (id, habitacion_numero, habitacion_tipo, reserva_id, facturada_estadia, fecha_inicio, fecha_fin, precio) VALUES (11, 302, 'DS', 13, true, '2025-12-20', '2025-12-25', 450000);
INSERT INTO estadias (id, habitacion_numero, habitacion_tipo, reserva_id, facturada_estadia, fecha_inicio, fecha_fin, precio) VALUES (12, 502, 'SD', 14, true, '2025-12-20', '2025-12-30', 1280000);
INSERT INTO estadias (id, habitacion_numero, habitacion_tipo, reserva_id, facturada_estadia, fecha_inicio, fecha_fin, precio) VALUES (13, 106, 'IE', 15, true, '2025-12-05', '2025-12-10', 250000);
INSERT INTO estadias (id, habitacion_numero, habitacion_tipo, reserva_id, facturada_estadia, fecha_inicio, fecha_fin, precio) VALUES (14, 303, 'DS', 16, false, '2025-12-22', '2025-12-27', 450000);
INSERT INTO estadias (id, habitacion_numero, habitacion_tipo, reserva_id, facturada_estadia, fecha_inicio, fecha_fin, precio) VALUES (15, 204, 'DE', 17, true, '2025-12-01', '2025-12-06', 350000);
INSERT INTO estadias (id, habitacion_numero, habitacion_tipo, reserva_id, facturada_estadia, fecha_inicio, fecha_fin, precio) VALUES (16, 105, 'IE', 18, true, '2025-12-20', '2025-12-27', 350000);
INSERT INTO estadias (id, habitacion_numero, habitacion_tipo, reserva_id, facturada_estadia, fecha_inicio, fecha_fin, precio) VALUES (17, 215, 'DE', 19, true, '2025-12-01', '2025-12-05', 280000);
INSERT INTO estadias (id, habitacion_numero, habitacion_tipo, reserva_id, facturada_estadia, fecha_inicio, fecha_fin, precio) VALUES (18, 107, 'IE', 20, true, '2025-12-15', '2025-12-20', 250000);
INSERT INTO estadias (id, habitacion_numero, habitacion_tipo, reserva_id, facturada_estadia, fecha_inicio, fecha_fin, precio) VALUES (19, 201, 'DE', NULL, false, '2025-12-19', '2025-12-23', 280000);
INSERT INTO estadias (id, habitacion_numero, habitacion_tipo, reserva_id, facturada_estadia, fecha_inicio, fecha_fin, precio) VALUES (20, 102, 'IE', NULL, false, '2025-12-20', '2025-12-22', 100000);

INSERT INTO facturas (id, tipo_factura, valor_estadia, totalapagar, vuelto, pagado, responsable_pago, nota_cancela, estadia_id) VALUES (2001, 'B', 400000, 420000, 0, true, '27-12345678-9', NULL, 1);
INSERT INTO facturas (id, tipo_factura, valor_estadia, totalapagar, vuelto, pagado, responsable_pago, nota_cancela, estadia_id) VALUES (2002, 'A', 250000, 250000, 0, true, '20-22333444-5', NULL, 2);
INSERT INTO facturas (id, tipo_factura, valor_estadia, totalapagar, vuelto, pagado, responsable_pago, nota_cancela, estadia_id) VALUES (2003, 'B', 150000, 150000, 0, true, NULL, NULL, 3);
INSERT INTO facturas (id, tipo_factura, valor_estadia, totalapagar, vuelto, pagado, responsable_pago, nota_cancela, estadia_id) VALUES (2004, 'B', 300000, 310000, 0, false, '27-30111222-3', NULL, 4);
INSERT INTO facturas (id, tipo_factura, valor_estadia, totalapagar, vuelto, pagado, responsable_pago, nota_cancela, estadia_id) VALUES (2005, 'A', 1200000, 1250000, 0, true, '20-18999000-1', NULL, 5);
INSERT INTO facturas (id, tipo_factura, valor_estadia, totalapagar, vuelto, pagado, responsable_pago, nota_cancela, estadia_id) VALUES (2006, 'B', 880000, 900000, 0, false, '27-22222222-2', NULL, 6);
INSERT INTO facturas (id, tipo_factura, valor_estadia, totalapagar, vuelto, pagado, responsable_pago, nota_cancela, estadia_id) VALUES (2007, 'A', 1280000, 1300000, 0, false, '20-33333333-3', NULL, 7);
INSERT INTO facturas (id, tipo_factura, valor_estadia, totalapagar, vuelto, pagado, responsable_pago, nota_cancela, estadia_id) VALUES (2008, 'B', 360000, 380000, 0, true, NULL, NULL, 8);
INSERT INTO facturas (id, tipo_factura, valor_estadia, totalapagar, vuelto, pagado, responsable_pago, nota_cancela, estadia_id) VALUES (2009, 'A', 280000, 300000, 0, true, '20-44444444-4', NULL, 9);
INSERT INTO facturas (id, tipo_factura, valor_estadia, totalapagar, vuelto, pagado, responsable_pago, nota_cancela, estadia_id) VALUES (2010, 'B', 880000, 950000, 0, false, NULL, NULL, 10);
INSERT INTO facturas (id, tipo_factura, valor_estadia, totalapagar, vuelto, pagado, responsable_pago, nota_cancela, estadia_id) VALUES (2011, 'B', 450000, 470000, 0, true, '27-55555555-5', NULL, 11);
INSERT INTO facturas (id, tipo_factura, valor_estadia, totalapagar, vuelto, pagado, responsable_pago, nota_cancela, estadia_id) VALUES (2012, 'B', 1280000, 1350000, 0, true, NULL, NULL, 12);
INSERT INTO facturas (id, tipo_factura, valor_estadia, totalapagar, vuelto, pagado, responsable_pago, nota_cancela, estadia_id) VALUES (2013, 'B', 250000, 260000, 0, true, '20-66666666-6', NULL, 13);
INSERT INTO facturas (id, tipo_factura, valor_estadia, totalapagar, vuelto, pagado, responsable_pago, nota_cancela, estadia_id) VALUES (2014, 'B', 450000, 480000, 0, false, NULL, NULL, 14);
INSERT INTO facturas (id, tipo_factura, valor_estadia, totalapagar, vuelto, pagado, responsable_pago, nota_cancela, estadia_id) VALUES (2015, 'A', 350000, 370000, 0, true, '27-12345678-9', NULL, 15);
INSERT INTO facturas (id, tipo_factura, valor_estadia, totalapagar, vuelto, pagado, responsable_pago, nota_cancela, estadia_id) VALUES (2016, 'A', 350000, 360000, 0, true, '20-22333444-5', NULL, 16);
INSERT INTO facturas (id, tipo_factura, valor_estadia, totalapagar, vuelto, pagado, responsable_pago, nota_cancela, estadia_id) VALUES (2017, 'B', 280000, 300000, 0, true, '27-33444555-6', NULL, 17);
INSERT INTO facturas (id, tipo_factura, valor_estadia, totalapagar, vuelto, pagado, responsable_pago, nota_cancela, estadia_id) VALUES (2018, 'B', 250000, 270000, 0, true, NULL, NULL, 18);
INSERT INTO facturas (id, tipo_factura, valor_estadia, totalapagar, vuelto, pagado, responsable_pago, nota_cancela, estadia_id) VALUES (2019, 'B', 280000, 300000, 0, false, NULL, NULL, 19);
INSERT INTO facturas (id, tipo_factura, valor_estadia, totalapagar, vuelto, pagado, responsable_pago, nota_cancela, estadia_id) VALUES (2020, 'B', 100000, 110000, 0, false, NULL, NULL, 20);

INSERT INTO estadias_huespedes (estadias_id, huespedes_nro_documento, huespedes_tipo_documento) VALUES (1, '12345678', 'DNI');
INSERT INTO estadias_huespedes (estadias_id, huespedes_nro_documento, huespedes_tipo_documento) VALUES (2, '22333444', 'DNI');
INSERT INTO estadias_huespedes (estadias_id, huespedes_nro_documento, huespedes_tipo_documento) VALUES (3, 'BR555444', 'PASAPORTE');
INSERT INTO estadias_huespedes (estadias_id, huespedes_nro_documento, huespedes_tipo_documento) VALUES (4, '33444555', 'DNI');
INSERT INTO estadias_huespedes (estadias_id, huespedes_nro_documento, huespedes_tipo_documento) VALUES (4, '30111222', 'DNI');
INSERT INTO estadias_huespedes (estadias_id, huespedes_nro_documento, huespedes_tipo_documento) VALUES (5, '18999000', 'DNI');
INSERT INTO estadias_huespedes (estadias_id, huespedes_nro_documento, huespedes_tipo_documento) VALUES (6, '22222222', 'DNI');
INSERT INTO estadias_huespedes (estadias_id, huespedes_nro_documento, huespedes_tipo_documento) VALUES (7, '33333333', 'DNI');
INSERT INTO estadias_huespedes (estadias_id, huespedes_nro_documento, huespedes_tipo_documento) VALUES (8, 'ES123456', 'PASAPORTE');
INSERT INTO estadias_huespedes (estadias_id, huespedes_nro_documento, huespedes_tipo_documento) VALUES (9, '44444444', 'DNI');
INSERT INTO estadias_huespedes (estadias_id, huespedes_nro_documento, huespedes_tipo_documento) VALUES (10, 'FR789012', 'PASAPORTE');
INSERT INTO estadias_huespedes (estadias_id, huespedes_nro_documento, huespedes_tipo_documento) VALUES (11, '55555555', 'DNI');
INSERT INTO estadias_huespedes (estadias_id, huespedes_nro_documento, huespedes_tipo_documento) VALUES (12, 'IT456789', 'PASAPORTE');
INSERT INTO estadias_huespedes (estadias_id, huespedes_nro_documento, huespedes_tipo_documento) VALUES (13, '66666666', 'DNI');
INSERT INTO estadias_huespedes (estadias_id, huespedes_nro_documento, huespedes_tipo_documento) VALUES (14, 'MX112233', 'PASAPORTE');
INSERT INTO estadias_huespedes (estadias_id, huespedes_nro_documento, huespedes_tipo_documento) VALUES (15, '12345678', 'DNI');
INSERT INTO estadias_huespedes (estadias_id, huespedes_nro_documento, huespedes_tipo_documento) VALUES (16, '22333444', 'DNI');
INSERT INTO estadias_huespedes (estadias_id, huespedes_nro_documento, huespedes_tipo_documento) VALUES (17, '33444555', 'DNI');
INSERT INTO estadias_huespedes (estadias_id, huespedes_nro_documento, huespedes_tipo_documento) VALUES (18, 'UY123456', 'PASAPORTE');
INSERT INTO estadias_huespedes (estadias_id, huespedes_nro_documento, huespedes_tipo_documento) VALUES (19, '30405060', 'DNI');
INSERT INTO estadias_huespedes (estadias_id, huespedes_nro_documento, huespedes_tipo_documento) VALUES (20, '40500600', 'DNI');

INSERT INTO consumos (tipo, monto, moneda, facturado, estadia_id) VALUES ('Bar', 5000, 'ARS', true, 1);
INSERT INTO consumos (tipo, monto, moneda, facturado, estadia_id) VALUES ('Bar', 15000, 'ARS', true, 1);
INSERT INTO consumos (tipo, monto, moneda, facturado, estadia_id) VALUES ('Bar', 8500, 'ARS', false, 1);
INSERT INTO consumos (tipo, monto, moneda, facturado, estadia_id) VALUES ('Lavado', 12000, 'ARS', true, 2);
INSERT INTO consumos (tipo, monto, moneda, facturado, estadia_id) VALUES ('Bar', 3000, 'ARS', true, 2);
INSERT INTO consumos (tipo, monto, moneda, facturado, estadia_id) VALUES ('Bar', 45000, 'ARS', true, 3);
INSERT INTO consumos (tipo, monto, moneda, facturado, estadia_id) VALUES ('Bar', 12500, 'ARS', true, 3);
INSERT INTO consumos (tipo, monto, moneda, facturado, estadia_id) VALUES ('Bar', 6000, 'ARS', true, 3);
INSERT INTO consumos (tipo, monto, moneda, facturado, estadia_id) VALUES ('Lavado', 10000, 'ARS', false, 4);
INSERT INTO consumos (tipo, monto, moneda, facturado, estadia_id) VALUES ('Bar', 28000, 'ARS', false, 4);
INSERT INTO consumos (tipo, monto, moneda, facturado, estadia_id) VALUES ('Bar', 4500, 'ARS', false, 4);
INSERT INTO consumos (tipo, monto, moneda, facturado, estadia_id) VALUES ('Bar', 9000, 'ARS', false, 4);
INSERT INTO consumos (tipo, monto, moneda, facturado, estadia_id) VALUES ('Sauna', 25000, 'ARS', true, 5);
INSERT INTO consumos (tipo, monto, moneda, facturado, estadia_id) VALUES ('Bar', 15000, 'ARS', true, 5);
INSERT INTO consumos (tipo, monto, moneda, facturado, estadia_id) VALUES ('Otro', 5000, 'ARS', false, 6);
INSERT INTO consumos (tipo, monto, moneda, facturado, estadia_id) VALUES ('Bar', 20000, 'ARS', false, 7);
INSERT INTO consumos (tipo, monto, moneda, facturado, estadia_id) VALUES ('Lavado', 8000, 'ARS', true, 8);
INSERT INTO consumos (tipo, monto, moneda, facturado, estadia_id) VALUES ('Bar', 12000, 'ARS', true, 9);
INSERT INTO consumos (tipo, monto, moneda, facturado, estadia_id) VALUES ('Sauna', 30000, 'ARS', false, 10);
INSERT INTO consumos (tipo, monto, moneda, facturado, estadia_id) VALUES ('Bar', 5000, 'ARS', true, 11);
INSERT INTO consumos (tipo, monto, moneda, facturado, estadia_id) VALUES ('Otro', 15000, 'ARS', true, 12);
INSERT INTO consumos (tipo, monto, moneda, facturado, estadia_id) VALUES ('Bar', 6000, 'ARS', true, 13);
INSERT INTO consumos (tipo, monto, moneda, facturado, estadia_id) VALUES ('Lavado', 9000, 'ARS', false, 14);
INSERT INTO consumos (tipo, monto, moneda, facturado, estadia_id) VALUES ('Bar', 11000, 'ARS', true, 15);
INSERT INTO consumos (tipo, monto, moneda, facturado, estadia_id) VALUES ('Bar', 7000, 'ARS', true, 16);
INSERT INTO consumos (tipo, monto, moneda, facturado, estadia_id) VALUES ('Bar', 14000, 'ARS', true, 17);
INSERT INTO consumos (tipo, monto, moneda, facturado, estadia_id) VALUES ('Sauna', 20000, 'ARS', true, 18);
INSERT INTO consumos (tipo, monto, moneda, facturado, estadia_id) VALUES ('Bar', 8000, 'ARS', false, 19);
INSERT INTO consumos (tipo, monto, moneda, facturado, estadia_id) VALUES ('Otro', 4000, 'ARS', false, 20);

INSERT INTO estados (fecha, numero, tipo, hora_inicio, fecha_fin, hora_fin, estado) VALUES ('2025-12-14', 204, 'DE', '14:00', '2025-12-21', '10:00', 'Ocupada');
INSERT INTO estados (fecha, numero, tipo, hora_inicio, fecha_fin, hora_fin, estado) VALUES ('2025-12-01', 105, 'IE', '14:00', '2025-12-05', '10:00', 'Ocupada');
INSERT INTO estados (fecha, numero, tipo, hora_inicio, fecha_fin, hora_fin, estado) VALUES ('2025-12-10', 105, 'IE', '14:00', '2025-12-14', '10:00', 'Ocupada');
INSERT INTO estados (fecha, numero, tipo, hora_inicio, fecha_fin, hora_fin, estado) VALUES ('2025-12-15', 215, 'DE', '14:00', '2025-12-18', '10:00', 'Ocupada');
INSERT INTO estados (fecha, numero, tipo, hora_inicio, fecha_fin, hora_fin, estado) VALUES ('2025-12-01', 502, 'SD', '14:00', '2025-12-10', '10:00', 'Ocupada');
INSERT INTO estados (fecha, numero, tipo, hora_inicio, fecha_fin, hora_fin, estado) VALUES ('2025-12-24', 402, 'SFP', '14:00', '2025-12-31', '10:00', 'Ocupada');
INSERT INTO estados (fecha, numero, tipo, hora_inicio, fecha_fin, hora_fin, estado) VALUES ('2025-12-20', 501, 'SD', '14:00', '2025-12-30', '10:00', 'Ocupada');
INSERT INTO estados (fecha, numero, tipo, hora_inicio, fecha_fin, hora_fin, estado) VALUES ('2025-12-01', 301, 'DS', '14:00', '2025-12-05', '10:00', 'Ocupada');
INSERT INTO estados (fecha, numero, tipo, hora_inicio, fecha_fin, hora_fin, estado) VALUES ('2025-12-15', 203, 'DE', '14:00', '2025-12-20', '10:00', 'Ocupada');
INSERT INTO estados (fecha, numero, tipo, hora_inicio, fecha_fin, hora_fin, estado) VALUES ('2025-12-25', 403, 'SFP', '14:00', '2025-12-30', '10:00', 'Ocupada');
INSERT INTO estados (fecha, numero, tipo, hora_inicio, fecha_fin, hora_fin, estado) VALUES ('2025-12-20', 302, 'DS', '14:00', '2025-12-25', '10:00', 'Ocupada');
INSERT INTO estados (fecha, numero, tipo, hora_inicio, fecha_fin, hora_fin, estado) VALUES ('2025-12-20', 502, 'SD', '14:00', '2025-12-30', '10:00', 'Ocupada');
INSERT INTO estados (fecha, numero, tipo, hora_inicio, fecha_fin, hora_fin, estado) VALUES ('2025-12-05', 106, 'IE', '14:00', '2025-12-10', '10:00', 'Ocupada');
INSERT INTO estados (fecha, numero, tipo, hora_inicio, fecha_fin, hora_fin, estado) VALUES ('2025-12-22', 303, 'DS', '14:00', '2025-12-27', '10:00', 'Ocupada');
INSERT INTO estados (fecha, numero, tipo, hora_inicio, fecha_fin, hora_fin, estado) VALUES ('2025-12-01', 204, 'DE', '14:00', '2025-12-06', '10:00', 'Ocupada');
INSERT INTO estados (fecha, numero, tipo, hora_inicio, fecha_fin, hora_fin, estado) VALUES ('2025-12-20', 105, 'IE', '14:00', '2025-12-27', '10:00', 'Ocupada');
INSERT INTO estados (fecha, numero, tipo, hora_inicio, fecha_fin, hora_fin, estado) VALUES ('2025-12-01', 215, 'DE', '14:00', '2025-12-05', '10:00', 'Ocupada');
INSERT INTO estados (fecha, numero, tipo, hora_inicio, fecha_fin, hora_fin, estado) VALUES ('2025-12-15', 107, 'IE', '14:00', '2025-12-20', '10:00', 'Ocupada');
INSERT INTO estados (fecha, numero, tipo, hora_inicio, fecha_fin, hora_fin, estado) VALUES ('2025-12-19', 201, 'DE', '14:00', '2025-12-23', '10:00', 'Ocupada');
INSERT INTO estados (fecha, numero, tipo, hora_inicio, fecha_fin, hora_fin, estado) VALUES ('2025-12-20', 102, 'IE', '14:00', '2025-12-22', '10:00', 'Ocupada');


